﻿<?xml version="1.0" encoding="utf-8" ?>
<c2eventsheet>
    <!--All the 'name' attributes are ignored by Construct 2 - they are there for readability only.-->
    <name>Jogo</name>
    <events>
        <variable constant="0" name="Score" sid="3190965402735415" static="0" type="number">0</variable>
        <variable constant="0" name="start" sid="9235369051197498" static="0" type="number">0</variable>
        <variable constant="0" name="move" sid="4730551792438967" static="0" type="number">0</variable>
        <variable constant="0" name="crecimento" sid="9510092458229771" static="0" type="number">0</variable>
        <comment>Reiniciar a escala de tempo, definir a posição da cabeça de cobra, definir a variável de crescimento</comment>
        <event-block sid="3499847972446508">
            <conditions>
                <condition id="-2" name="On start of layout" sid="6100311307744716" type="System" />
            </conditions>
            <actions>
                <action id="-13" name="Set time scale" sid="7431500447427345" type="System">
                    <param id="0" name="Time scale">1.0</param>
                </action>
                <action id="-3" name="Set position" sid="6685811502469789" type="cabeca">
                    <param id="0" name="X">640</param>
                    <param id="1" name="Y">400</param>
                </action>
                <action id="-9" name="Set value" sid="3553210914478782" type="System">
                    <param id="0" name="Variable">crecimento</param>
                    <param id="1" name="Value">0</param>
                </action>
                <action id="-9" name="Set value" sid="390234859231982" type="System">
                    <param id="0" name="Variable">Score</param>
                    <param id="1" name="Value">0</param>
                </action>
            </actions>
        </event-block>
        <comment>Configurar a criação de Sprite, mover 0 = iniciar move2 = quando você come o gafanhoto, definir a velocidade, mover gafanhoto.</comment>
        <event-block sid="7649624673826636">
            <conditions>
                <condition id="-1" name="Every tick" sid="1086829426823647" type="System" />
            </conditions>
            <actions>
                <action behavior="8Direction" id="3" name="Set speed" sid="5410488523266165" type="cabeca">
                    <param id="0" name="Speed">225</param>
                </action>
            </actions>
            <sub-events>
                <event-block sid="246727420871806">
                    <conditions>
                        <condition id="-14" name="Compare variable" sid="2068041082859559" type="System">
                            <param id="0" name="Variable">move</param>
                            <param id="1" name="Comparison">0</param>
                            <param id="2" name="Value">0</param>
                        </condition>
                    </conditions>
                    <actions>
                        <action id="-3" name="Create object" sid="6555364932969514" type="System">
                            <param id="0" name="Object to create">corpo</param>
                            <param id="1" name="Layer">0</param>
                            <param id="2" name="X">lerp(cabeca.ImagePointX(0),cabeca.ImagePointX(0),0.9)</param>
                            <param id="3" name="Y">lerp(cabeca.ImagePointY(0),cabeca.ImagePointY(0),0.9)</param>
                        </action>
                        <action id="-29" name="Move to object" sid="3729083451036978" type="corpo">
                            <param id="0" name="Where">1</param>
                            <param id="1" name="Object">cabeca</param>
                        </action>
                    </actions>
                </event-block>
                <event-block sid="3758127659712049">
                    <conditions>
                        <condition id="-14" name="Compare variable" sid="4813460187238379" type="System">
                            <param id="0" name="Variable">move</param>
                            <param id="1" name="Comparison">0</param>
                            <param id="2" name="Value">2</param>
                        </condition>
                    </conditions>
                    <actions>
                        <action id="-3" name="Create object" sid="3050972970941094" type="System">
                            <param id="0" name="Object to create">corpo</param>
                            <param id="1" name="Layer">0</param>
                            <param id="2" name="X">lerp(cabeca.ImagePointX(0),cabeca.ImagePointX(0),0.9)</param>
                            <param id="3" name="Y">lerp(cabeca.ImagePointY(0),cabeca.ImagePointY(0),0.9)</param>
                        </action>
                        <action id="-29" name="Move to object" sid="53243128207372" type="corpo">
                            <param id="0" name="Where">1</param>
                            <param id="1" name="Object">cabeca</param>
                        </action>
                        <action id="-3" name="Set position" sid="3957539256180456" type="filhote">
                            <param id="0" name="X">random(1000)+40</param>
                            <param id="1" name="Y">random(600)+40</param>
                        </action>
                        <action id="-29" name="Move to object" sid="5269323428668698" type="filhote">
                            <param id="0" name="Where">0</param>
                            <param id="1" name="Object">corpo</param>
                        </action>
                        <action id="-9" name="Set value" sid="3817951823675464" type="System">
                            <param id="0" name="Variable">move</param>
                            <param id="1" name="Value">0</param>
                        </action>
                    </actions>
                </event-block>
            </sub-events>
        </event-block>
        <comment>Espere segundos de crescimento e, em seguida, destrua o sprite.</comment>
        <event-block sid="708255875239884">
            <conditions>
                <condition id="-18" name="On created" sid="7676414977726057" type="corpo" />
            </conditions>
            <actions>
                <action id="-16" name="Wait" sid="374464171774779" type="System">
                    <param id="0" name="Seconds">crecimento</param>
                </action>
                <action id="-9" name="Destroy" sid="9471867100764614" type="corpo" />
            </actions>
        </event-block>
        <event-block sid="3431727420399114">
            <conditions>
                <condition id="0" name="On collision with another object" sid="1098655869953786" type="cabeca">
                    <param id="0" name="Object">filhote</param>
                </condition>
            </conditions>
            <actions>
                <action id="-9" name="Set value" sid="1478725822437179" type="System">
                    <param id="0" name="Variable">move</param>
                    <param id="1" name="Value">2</param>
                </action>
                <action id="-10" name="Add to" sid="1223734710008954" type="System">
                    <param id="0" name="Variable">crecimento</param>
                    <param id="1" name="Value">0.1</param>
                </action>
                <action id="-10" name="Add to" sid="7724566469116819" type="System">
                    <param id="0" name="Variable">Score</param>
                    <param id="1" name="Value">1</param>
                </action>
                <action id="0" name="Play" sid="6335938251784693" type="Audio">
                    <param id="0" name="Audio file">latido</param>
                    <param id="2" name="Loop">0</param>
                    <param id="3" name="Volume">0</param>
                    <param id="1" name="Tag (optional)">&quot;&quot;</param>
                </action>
            </actions>
        </event-block>
        <comment>Isto é para iniciar a cobra movendo-se no início</comment>
        <event-block sid="3023601680289236">
            <conditions>
                <condition id="-14" name="Compare variable" sid="1774609216394758" type="System">
                    <param id="0" name="Variable">start</param>
                    <param id="1" name="Comparison">0</param>
                    <param id="2" name="Value">0</param>
                </condition>
            </conditions>
            <actions>
                <action behavior="8Direction" id="7" name="Simulate control" sid="8720478847788002" type="cabeca">
                    <param id="0" name="Control">3</param>
                </action>
                <action id="-16" name="Wait" sid="9359791600752489" type="System">
                    <param id="0" name="Seconds">0.01</param>
                </action>
                <action id="-9" name="Set value" sid="7010661201303081" type="System">
                    <param id="0" name="Variable">start</param>
                    <param id="1" name="Value">1</param>
                </action>
            </actions>
        </event-block>
        <comment>Isto é para terminar o jogo, temos que tê-lo definido para animação 3 caso contrário, o jogo vai acabar de imediato, porque a cabeça está sobreposta os quadros</comment>
        <event-block sid="3937009667390643">
            <conditions>
                <condition id="0" name="On collision with another object" sid="8748365603455261" type="cabeca">
                    <param id="0" name="Object">corpo</param>
                </condition>
                <condition id="3" name="Compare frame" sid="7951904686906828" type="corpo">
                    <param id="0" name="Comparison">5</param>
                    <param id="1" name="Number">2</param>
                </condition>
            </conditions>
            <actions>
                <action id="-13" name="Set time scale" sid="7681174650035764" type="System">
                    <param id="0" name="Time scale">0</param>
                </action>
                <action id="-10" name="Set value" sid="1266668697957368" type="corpo">
                    <param id="0" name="Instance variable">Variable1</param>
                    <param id="1" name="Value">1</param>
                </action>
                <action id="0" name="Play" sid="5830655793834796" type="Audio">
                    <param id="0" name="Audio file">game-over</param>
                    <param id="2" name="Loop">0</param>
                    <param id="3" name="Volume">0</param>
                    <param id="1" name="Tag (optional)">&quot;&quot;</param>
                </action>
            </actions>
        </event-block>
        <event-block sid="308526565399612">
            <conditions>
                <condition id="0" name="On collision with another object" sid="499655393909544" type="cabeca">
                    <param id="0" name="Object">casa</param>
                </condition>
            </conditions>
            <actions>
                <action id="-13" name="Set time scale" sid="236888028474367" type="System">
                    <param id="0" name="Time scale">0</param>
                </action>
                <action id="-10" name="Set value" sid="949898914976204" type="corpo">
                    <param id="0" name="Instance variable">Variable1</param>
                    <param id="1" name="Value">1</param>
                </action>
                <action id="33" name="Stop all" sid="898135214325514" type="Audio" />
                <action id="0" name="Play" sid="878283758111886" type="Audio">
                    <param id="0" name="Audio file">game-over</param>
                    <param id="2" name="Loop">0</param>
                    <param id="3" name="Volume">0</param>
                    <param id="1" name="Tag (optional)">&quot;&quot;</param>
                </action>
            </actions>
        </event-block>
        <event-block sid="374194920972056">
            <conditions>
                <condition id="0" name="On collision with another object" sid="381889057482734" type="cabeca">
                    <param id="0" name="Object">hidrante</param>
                </condition>
            </conditions>
            <actions>
                <action id="-13" name="Set time scale" sid="602706396853576" type="System">
                    <param id="0" name="Time scale">0</param>
                </action>
                <action id="-10" name="Set value" sid="319238761252242" type="corpo">
                    <param id="0" name="Instance variable">Variable1</param>
                    <param id="1" name="Value">1</param>
                </action>
                <action id="33" name="Stop all" sid="395626717060572" type="Audio" />
                <action id="0" name="Play" sid="446395399228039" type="Audio">
                    <param id="0" name="Audio file">game-over</param>
                    <param id="2" name="Loop">0</param>
                    <param id="3" name="Volume">0</param>
                    <param id="1" name="Tag (optional)">&quot;&quot;</param>
                </action>
            </actions>
        </event-block>
        <event-block sid="250381960317437">
            <conditions>
                <condition id="0" name="On collision with another object" sid="144824494781037" type="cabeca">
                    <param id="0" name="Object">correio</param>
                </condition>
            </conditions>
            <actions>
                <action id="-13" name="Set time scale" sid="461758188481138" type="System">
                    <param id="0" name="Time scale">0</param>
                </action>
                <action id="-10" name="Set value" sid="710036276255314" type="corpo">
                    <param id="0" name="Instance variable">Variable1</param>
                    <param id="1" name="Value">1</param>
                </action>
                <action id="33" name="Stop all" sid="859146851059673" type="Audio" />
                <action id="0" name="Play" sid="249905172558112" type="Audio">
                    <param id="0" name="Audio file">game-over</param>
                    <param id="2" name="Loop">0</param>
                    <param id="3" name="Volume">0</param>
                    <param id="1" name="Tag (optional)">&quot;&quot;</param>
                </action>
            </actions>
        </event-block>
        <event-block sid="316735048216249">
            <conditions>
                <condition id="0" name="On collision with another object" sid="959543506608471" type="cabeca">
                    <param id="0" name="Object">cerca</param>
                </condition>
            </conditions>
            <actions>
                <action id="-13" name="Set time scale" sid="484474563856206" type="System">
                    <param id="0" name="Time scale">0</param>
                </action>
                <action id="-10" name="Set value" sid="763880338728108" type="corpo">
                    <param id="0" name="Instance variable">Variable1</param>
                    <param id="1" name="Value">1</param>
                </action>
                <action id="33" name="Stop all" sid="117793932286210" type="Audio" />
                <action id="0" name="Play" sid="657295513582764" type="Audio">
                    <param id="0" name="Audio file">game-over</param>
                    <param id="2" name="Loop">0</param>
                    <param id="3" name="Volume">0</param>
                    <param id="1" name="Tag (optional)">&quot;&quot;</param>
                </action>
            </actions>
        </event-block>
        <event-block sid="133395122511527">
            <conditions>
                <condition id="0" name="On collision with another object" sid="988200038504604" type="cabeca">
                    <param id="0" name="Object">carro</param>
                </condition>
            </conditions>
            <actions>
                <action id="-13" name="Set time scale" sid="653110205747938" type="System">
                    <param id="0" name="Time scale">0</param>
                </action>
                <action id="-10" name="Set value" sid="339084130911652" type="corpo">
                    <param id="0" name="Instance variable">Variable1</param>
                    <param id="1" name="Value">1</param>
                </action>
                <action id="33" name="Stop all" sid="125640902132447" type="Audio" />
                <action id="0" name="Play" sid="287918545037391" type="Audio">
                    <param id="0" name="Audio file">game-over</param>
                    <param id="2" name="Loop">0</param>
                    <param id="3" name="Volume">0</param>
                    <param id="1" name="Tag (optional)">&quot;&quot;</param>
                </action>
            </actions>
        </event-block>
        <event-block sid="468869745617980">
            <conditions>
                <condition id="0" name="On collision with another object" sid="814737518793164" type="cabeca">
                    <param id="0" name="Object">Delegacia</param>
                </condition>
            </conditions>
            <actions>
                <action id="-13" name="Set time scale" sid="357844820594822" type="System">
                    <param id="0" name="Time scale">1</param>
                </action>
                <action id="-10" name="Set value" sid="860706010931568" type="corpo">
                    <param id="0" name="Instance variable">Variable1</param>
                    <param id="1" name="Value">1</param>
                </action>
                <action id="33" name="Stop all" sid="531444296937529" type="Audio" />
                <action id="0" name="Play" sid="677629309052224" type="Audio">
                    <param id="0" name="Audio file">game-over</param>
                    <param id="2" name="Loop">0</param>
                    <param id="3" name="Volume">0</param>
                    <param id="1" name="Tag (optional)">&quot;&quot;</param>
                </action>
            </actions>
        </event-block>
        <comment>Isso é para definir o texto com a pontuação, e quando você morreu</comment>
        <event-block sid="6026138433525782">
            <conditions>
                <condition id="-7" name="Compare instance variable" sid="8934268012489187" type="corpo">
                    <param id="0" name="Instance variable">Variable1</param>
                    <param id="1" name="Comparison">0</param>
                    <param id="2" name="Value">0</param>
                </condition>
            </conditions>
            <actions>
                <action id="0" name="Set text" sid="879159693386974" type="SpriteFont">
                    <param id="0" name="Text">&quot;Score &quot;&amp;Score</param>
                </action>
            </actions>
        </event-block>
        <event-block sid="4437794198223981">
            <conditions>
                <condition id="-7" name="Compare instance variable" sid="5299630295994575" type="corpo">
                    <param id="0" name="Instance variable">Variable1</param>
                    <param id="1" name="Comparison">0</param>
                    <param id="2" name="Value">1</param>
                </condition>
            </conditions>
            <actions>
                <action id="-2" name="Set Y" sid="6123341228971612" type="SpriteFont">
                    <param id="0" name="Y">400</param>
                </action>
                <action id="0" name="Set text" sid="3486372006519724" type="SpriteFont">
                    <param id="0" name="Text">&quot;Score &quot;&amp;Score</param>
                </action>
                <action id="0" name="Set text" sid="9804744171137023" type="SpriteFont">
                    <param id="0" name="Text">&quot;Fim de Jogo!! &#x0D;&#x0A;Voce marcou: &quot;&amp;Score&amp;newline&amp;&quot; &#x0D;&#x0A;Pressione barra de espaco &#x0D;&#x0A;para tentar novamente.&quot;</param>
                </action>
            </actions>
        </event-block>
        <comment>Isto é para reiniciar o jogo quando barra de espaço é pressionada</comment>
        <event-block sid="8123760216222407">
            <conditions>
                <condition id="-7" name="Compare instance variable" sid="2348466449853817" type="corpo">
                    <param id="0" name="Instance variable">Variable1</param>
                    <param id="1" name="Comparison">0</param>
                    <param id="2" name="Value">1</param>
                </condition>
                <condition id="-4" name="Trigger once while true" sid="246499134859837" type="System" />
            </conditions>
            <actions>
                <action id="0" name="Submit score" sid="7657137928736791" type="ScirraArcade">
                    <param id="0" name="Leaderboard ID">&quot;snakey&quot;</param>
                    <param id="1" name="Score">Score</param>
                </action>
            </actions>
        </event-block>
        <event-block sid="2391149191689516">
            <conditions>
                <condition id="0" name="On key pressed" sid="2430816022876468" type="Keyboard">
                    <param id="0" name="Key">32 (Space)</param>
                </condition>
                <condition id="-7" name="Compare instance variable" sid="9191411579919656" type="corpo">
                    <param id="0" name="Instance variable">Variable1</param>
                    <param id="1" name="Comparison">0</param>
                    <param id="2" name="Value">1</param>
                </condition>
            </conditions>
            <actions>
                <action id="-26" name="Restart layout" sid="4900181842229484" type="System" />
            </actions>
        </event-block>
        <event-block sid="346778684931452">
            <conditions>
                <condition id="-6" name="Every X seconds" sid="825622815380423" type="System">
                    <param id="0" name="Interval (seconds)">10</param>
                </condition>
            </conditions>
            <actions>
                <action id="-3" name="Create object" sid="878241608550652" type="System">
                    <param id="0" name="Object to create">carro</param>
                    <param id="1" name="Layer">0</param>
                    <param id="2" name="X">610</param>
                    <param id="3" name="Y">-55</param>
                </action>
            </actions>
        </event-block>
        <event-block sid="644385279998337">
            <conditions>
                <condition id="-2" name="On start of layout" sid="213686709533565" type="System" />
            </conditions>
            <actions>
                <action id="0" name="Play" sid="882207507469091" type="Audio">
                    <param id="0" name="Audio file">8bit Dogsong - Undertale</param>
                    <param id="2" name="Loop">0</param>
                    <param id="3" name="Volume">0</param>
                    <param id="1" name="Tag (optional)">&quot;&quot;</param>
                </action>
            </actions>
        </event-block>
    </events>
</c2eventsheet>
